service_ID,ID,sequence,title,details,createdAt,createdBy,modifiedAt,modifiedBy
17288964-e048-46bb-9729-e25c96768f6a,22024839-0be5-40b7-a4d7-0d579fad1b2e,29,title-22024839,details-22024839,2000-05-10T00:00:00.000Z,createdBy.d42h3@example.com,2016-09-15T00:00:00.000Z,modifiedBy.d42h3@example.com
17288964-e048-46bb-9729-e25c96768f6a,22024840-2abc-44a7-be66-efe3d6a8302a,73,title-22024840,details-22024840,2008-07-17T00:00:00.000Z,createdBy.d42h4@example.com,2003-11-07T00:00:00.000Z,modifiedBy.d42h4@example.net
17288965-0b57-4460-b13f-fb783100c594,18851867-e738-4be9-9096-e2ce5241904a,31,title-18851867,details-18851867,2023-03-05T00:00:00.000Z,createdBy.b826z@example.com,2012-08-31T00:00:00.000Z,modifiedBy.b826z@example.org
17288965-0b57-4460-b13f-fb783100c594,18851868-eab2-495b-9dbe-ced791b9e35e,2,title-18851868,details-18851868,2007-10-24T00:00:00.000Z,createdBy.b8270@example.com,2019-03-28T00:00:00.000Z,modifiedBy.b8270@example.net
17288966-4176-45b9-823e-546fb6fa45ad,28112075-8cd7-42b6-a6e8-1bce175fe180,31,title-28112075,details-28112075,2005-05-07T00:00:00.000Z,createdBy.gqjez@example.org,2012-10-19T00:00:00.000Z,modifiedBy.gqjez@example.net
17288966-4176-45b9-823e-546fb6fa45ad,28112076-45b1-4995-8cfc-dc82fe16ef3e,17,title-28112076,details-28112076,2004-12-14T00:00:00.000Z,createdBy.gqjf0@example.com,2018-01-14T00:00:00.000Z,modifiedBy.gqjf0@example.org
17288967-466b-45e6-a188-3857874b2602,22405388-7a77-4c69-b34f-7006f6e3f9ed,32,title-22405388,details-22405388,2016-04-20T00:00:00.000Z,createdBy.dc83w@example.com,2017-04-19T00:00:00.000Z,modifiedBy.dc83w@example.com
17288967-466b-45e6-a188-3857874b2602,22405389-7658-46dd-a2ce-78c6ac19cc45,75,title-22405389,details-22405389,2011-02-26T00:00:00.000Z,createdBy.dc83x@example.org,2011-09-17T00:00:00.000Z,modifiedBy.dc83x@example.com
17288968-c041-47f2-bde0-7f4fe128f029,23688015-0aa5-455b-ab0d-fa61972af58e,23,title-23688015,details-23688015,2018-02-25T00:00:00.000Z,createdBy.e3psf@example.net,2016-03-04T00:00:00.000Z,modifiedBy.e3psf@example.net
17288968-c041-47f2-bde0-7f4fe128f029,23688016-2be0-4a4d-a3fc-4bef3cd053ae,4,title-23688016,details-23688016,2018-08-17T00:00:00.000Z,createdBy.e3psg@example.net,2013-10-01T00:00:00.000Z,modifiedBy.e3psg@example.org
17288969-8651-419e-b75d-d6e6f6841e13,20547634-87a0-45df-97f1-3498cc369884,48,title-20547634,details-20547634,2000-04-02T00:00:00.000Z,createdBy.c8enm@example.org,2001-08-19T00:00:00.000Z,modifiedBy.c8enm@example.org
17288969-8651-419e-b75d-d6e6f6841e13,20547635-13fd-4573-97f6-385511531341,87,title-20547635,details-20547635,2019-03-14T00:00:00.000Z,createdBy.c8enn@example.org,2019-03-18T00:00:00.000Z,modifiedBy.c8enn@example.net
17288970-75bf-4818-bd6a-9b8996a910f0,23678810-c59a-4f94-bbe5-9f9268e04630,63,title-23678810,details-23678810,2004-09-11T00:00:00.000Z,createdBy.e3ioq@example.com,2008-12-25T00:00:00.000Z,modifiedBy.e3ioq@example.net
17288970-75bf-4818-bd6a-9b8996a910f0,23678811-346b-4ef9-816d-6b73c7fc7158,79,title-23678811,details-23678811,2003-02-27T00:00:00.000Z,createdBy.e3ior@example.net,2008-11-14T00:00:00.000Z,modifiedBy.e3ior@example.com
17288971-501e-4af9-879e-a0e0c2900ce3,12163844-c916-437b-bdfe-39af8c481fa5,69,title-12163844,details-12163844,2012-08-15T00:00:00.000Z,createdBy.78pok@example.org,2009-04-16T00:00:00.000Z,modifiedBy.78pok@example.org
17288971-501e-4af9-879e-a0e0c2900ce3,12163845-e91f-4d75-952d-c01266ba9693,55,title-12163845,details-12163845,2015-10-31T00:00:00.000Z,createdBy.78pol@example.org,2021-08-05T00:00:00.000Z,modifiedBy.78pol@example.com
17288972-cbae-4796-898c-a9e80dd97823,16229803-8b58-4d96-9a74-13badbd8be3c,4,title-16229803,details-16229803,2000-03-31T00:00:00.000Z,createdBy.9nuzv@example.com,2019-10-23T00:00:00.000Z,modifiedBy.9nuzv@example.net
17288972-cbae-4796-898c-a9e80dd97823,16229804-a172-4872-8026-85a7c703b52e,40,title-16229804,details-16229804,2022-06-30T00:00:00.000Z,createdBy.9nuzw@example.org,2021-11-23T00:00:00.000Z,modifiedBy.9nuzw@example.net
17288973-515f-41c1-8577-277933b18365,85991724-0fdd-4731-9a40-9eda5911b354,91,title-8599172,details-8599172,2012-01-09T00:00:00.000Z,createdBy.54b5w@example.com,2003-03-30T00:00:00.000Z,modifiedBy.54b5w@example.net
17288973-515f-41c1-8577-277933b18365,8599173d-f079-4482-af32-2378981e9287,40,title-8599173,details-8599173,2003-11-14T00:00:00.000Z,createdBy.54b5x@example.com,2006-08-30T00:00:00.000Z,modifiedBy.54b5x@example.org